BEGIN TRANSACTION;
CREATE TABLE IF NOT EXISTS "GameData" (
	"GamesID"	INTEGER UNIQUE,
	"League_Name"	INTEGER,
	"Date"	INTEGER,
	"Arena"	TEXT,
	"Season_Stage"	TEXT,
	"Outcome"	INTEGER,
	"MatchID"	INTEGER,
	PRIMARY KEY("GamesID","MatchID")
);
CREATE TABLE IF NOT EXISTS "Player" (
	"PlayerID"	INTEGER,
	"First_Name"	TEXT,
	"Last_Name"	TEXT,
	"Salary"	INTEGER,
	"All-Star_Apperances"	INTEGER,
	"DOB"	INTEGER,
	"Height"	INTEGER,
	"Weight"	INTEGER,
	"Points"	NUMERIC,
	"Assists"	NUMERIC,
	"Rebounds"	NUMERIC,
	"Steals"	NUMERIC,
	"Player_Losses"	INTEGER,
	"Player_Wins"	INTEGER,
	PRIMARY KEY("PlayerID")
);
CREATE TABLE IF NOT EXISTS "GameStats" (
	"MatchID"	INTEGER,
	"PlayerID"	INTEGER,
	"PointsG"	INTEGER,
	"AssistsG"	INTEGER,
	"ReboundsG"	INTEGER,
	"StealsG"	INTEGER,
	PRIMARY KEY("PlayerID","MatchID")
);
CREATE TABLE IF NOT EXISTS "LeagueData" (
	"LeagueName"	TEXT,
	"Ratings"	INTEGER,
	"Commisioner "	TEXT,
	PRIMARY KEY("LeagueName")
);
CREATE TABLE IF NOT EXISTS "Matches" (
	"MatchID"	INTEGER,
	"TeamID"	INTEGER,
	PRIMARY KEY("MatchID","TeamID")
);
CREATE TABLE IF NOT EXISTS "Team" (
	"TeamID"	INTEGER,
	"Team_Name"	TEXT,
	"Home_Wins"	INTEGER,
	"Home_Losses"	INTEGER,
	"Away_Wins"	INTEGER,
	"Away_Losses"	INTEGER,
	"Fans"	INTEGER,
	"League"	TEXT,
	"Mascot"	TEXT,
	"Founded_Year"	INTEGER,
	PRIMARY KEY("TeamID")
);
CREATE TABLE IF NOT EXISTS "TeamMembers" (
	"PlayerID"	INTEGER,
	"TeamID"	INTEGER,
	PRIMARY KEY("PlayerID","TeamID")
);
INSERT INTO "GameData" ("GamesID","League_Name","Date","Arena","Season_Stage","Outcome","MatchID") VALUES (1,'WNBA','1/21/2020','Dome','Regular season','',1),
 (2,'WNBA','1/22/2020','MSG','Regular season','',2),
 (3,'NBA','1/15/2020','KeyArena','Regular season',NULL,3),
 (4,'NBA','1/16/2020','ModaCenter','Regular season',NULL,4),
 (5,'NBA','1/22/2020','StaplesCenter
','Regular season',NULL,5),
 (6,'NBA','2/21/2020','MSG','Playoffs',NULL,6),
 (7,'NBA','2/15/2020','Dome','Playoffs',NULL,7),
 (8,'NBA','2/16/2020','KeyArena','Playoffs',NULL,8),
 (9,'NBA','2/22/2020','ModaCenter','Playoffs',NULL,9),
 (10,'NBA','2/21/2020','StaplesCenter
','Playoffs',NULL,10);
INSERT INTO "Player" ("PlayerID","First_Name","Last_Name","Salary","All-Star_Apperances","DOB","Height","Weight","Points","Assists","Rebounds","Steals","Player_Losses","Player_Wins") VALUES (1,'Casar','Giorgetti',711443.33,0,'1/1/2084',44,135,9926.4,860.2,1604.8,399.9,12,55),
 (2,'Arlin','Hulls',490415.62,3,'4/4/2070',94,354,8726,11559.3,7326.8,1209.2,28,5),
 (3,'Luce','Lehrer',916624.2,4,'6/4/2006',96,345,27376.1,10761.3,10898.5,1161.4,2,41),
 (4,'Sibylla','Hubbold',752491.85,8,'8/24/2026',96,174,11868.8,7051.9,13836.3,2651.6,59,35),
 (5,'Galen','Semens',412828.27,11,'9/19/2001',97,379,27536.6,6881.1,7980.8,2188.6,19,17),
 (6,'Jodie','Emsden',789374,4,'11/28/2017',89,395,31621.1,5325.4,17684.8,1488.8,59,39),
 (7,'Isabelita','Swadden',684071.25,16,'7/3/2082',87,305,26840.8,2718.2,12731.1,3306.7,3,12),
 (8,'Ciro','Burchess',512721.57,3,'4/15/2075',92,374,30201.2,4474.1,2620.2,1856.4,23,19),
 (9,'Pietra','Cowdrey',756356.82,15,'10/26/2083',88,168,9134.1,7395.1,18829.7,2835.2,25,58),
 (10,'Happy','Jayume',758009.56,11,'9/12/2066',81,317,14571.9,5799.7,12198.5,2023.5,57,51),
 (11,'Nanice','Scritch',775381,11,'10/30/2053',73,304,19826.1,10087.4,14175.9,2819.9,20,26),
 (12,'Zsa zsa','Blamey',659106.09,5,'2/28/2011',85,211,1456.4,10894.7,4023.1,533.2,47,54),
 (13,'Reinald','Mustill',883776.88,1,'1/29/2081',96,263,11528.4,6110.1,3313.2,1961.7,10,23),
 (14,'Antonino','McDougal',990617.4,6,'2/21/2044',88,164,23868.5,496.5,20694.7,3575.2,45,41),
 (15,'Giordano','Sleeny',540416.64,0,'4/26/2053',85,306,16881.2,9158.2,21939,513.9,6,1),
 (16,'Gustaf','Antoni',773966,1,'3/11/2013',73,203,31399,4325.9,18352,1338.1,7,19),
 (17,'Gabie','Rehor',602302,8,'2/14/2007',75,278,24915.2,5170.6,11459.4,430.6,60,9),
 (18,'Otis','Arthey',406393.56,13,'8/9/2020',76,169,22747.5,10558.1,16512.6,1231.7,51,54),
 (19,'El','Bellis',944949.97,13,'9/9/2041',98,312,9366.4,9134.7,13560.6,2089.5,12,32),
 (20,'Debee','Paddison',611060.68,8,'12/31/2064',83,313,9604.7,8905.1,11195.9,1418.7,58,33),
 (21,'Emlynn','Barosch',632822.39,16,'7/19/2049',74,200,8958.6,8256.6,17338.3,3153.3,35,24),
 (22,'Fabio','Smye',495774.07,10,'12/10/2040',93,179,11864.8,1103.6,15291.3,651.1,31,47),
 (23,'Melodee','Golder',384466.44,2,'1/4/2057',75,223,9999.1,11487.9,21539.5,1025.8,49,32),
 (24,'Colin','Turmell',480824.57,4,'11/1/2043',96,388,19594.9,391.1,11412.7,2095.8,19,44),
 (25,'Bald','Corro',969301.53,2,'1/25/2085',79,228,4078.9,10616.8,20800.1,3021.9,18,52),
 (26,'Kirbie','Semmens',615394.22,14,'6/17/2020',97,299,30310,1495.2,573.7,480.8,50,60),
 (27,'Susy','McClymond',543540.39,2,'3/11/2024',82,229,17952.4,9387.6,7972.3,51.6,18,10),
 (28,'Martelle','Edghinn',421268.57,2,'12/2/2082',81,324,7064.6,6955.6,9650.2,851.1,34,46),
 (29,'Emilee','Tremellier',995479.76,8,'5/6/2059',75,394,5181,2085.4,14823.4,502,18,55),
 (30,'Geralda','Jillins',954626.1,0,'5/18/2075',77,200,7383.4,4086.4,8883.3,867.5,21,3),
 (31,'Codee','Gotts',416119.12,11,'12/16/2052',81,177,13695,10325.9,12465.1,1587.4,9,38),
 (32,'Royal','Maghull',444307.21,4,'7/6/2003',72,328,8901.8,10155.4,1154.1,2982.3,31,46),
 (33,'Theodora','Speares',622579.32,9,'12/28/2079',96,253,35.9,4765.3,1851.5,1288.9,12,44),
 (34,'Harrietta','Packwood',584708.52,3,'4/26/2057',89,289,15325.6,11076.9,18541.3,3183.7,22,43),
 (35,'Shel','Jovicic',726232.18,16,'4/27/2060',83,392,16573.7,4648.4,17384.7,3398.2,27,20),
 (36,'Hetti','Frosdick',670435.28,14,'5/6/2064',92,273,8988.2,9066.6,12164.2,2690.1,10,33),
 (37,'Sterne','Rottgers',987645.8,11,'9/27/2038',79,247,21689,5924.6,8183.7,817.3,32,39),
 (38,'Essy','Stoffler',961749.47,1,'12/19/2084',82,177,31658,9093.5,2595.6,2863.1,46,59),
 (39,'Chaunce','Reisen',892053,13,'6/20/2078',90,232,24740.5,1287.7,3996.8,2681.7,4,35),
 (40,'Pierette','Rochester',840889.97,10,'3/3/2043',86,213,15038.2,5204,14463.2,2339.9,2,15),
 (41,'Lindsey','Vina',459795.44,9,'6/8/2073',75,242,31000.4,1696.9,17889,6,10,10),
 (42,'Nap','Couche',564772.18,8,'1/7/2005',82,282,22768.3,11636.2,16821.6,685.1,13,52),
 (43,'Filmore','Clace',990780.41,3,'1/30/2032',91,313,8609.9,76.6,7099.7,2491.1,33,53),
 (44,'Adina','Geraldi',836797.7,9,'12/22/2047',85,377,19302.6,4608.6,2536.7,3510.2,24,46),
 (45,'Penny','Swash',919458.34,15,'3/29/2076',84,313,16041.5,3351,16379.4,1725.6,48,12),
 (46,'Elbert','Betje',742445.69,2,'1/17/2005',81,395,24691.7,724,14521.9,504.3,41,42),
 (47,'Bancroft','Rizzotto',769667.39,13,'10/10/2011',76,386,1959.2,8168.3,18200.5,2236.8,47,27),
 (48,'Chip','Brayne',501860.78,9,'10/18/2048',94,337,15503,10372,19292.4,3447.1,32,50),
 (49,'Rianon','O''Reilly',455098.04,13,'8/3/2074',81,255,31131.2,2072.6,613.4,149.5,47,58),
 (50,'Enrichetta','Cash',635201.61,6,'1/4/2076',77,261,16394.4,5592.5,410.2,359.8,34,4),
 (51,'Tirrell','Isaac',785792.76,4,'4/10/2012',95,234,15468.9,11741.5,6802.7,901.4,15,21),
 (52,'Lew','Ickeringill',501315.18,7,'6/28/2021',74,170,26989.4,9464.9,9202.3,2290.9,16,25),
 (53,'Arabella','Penney',459391.52,6,'6/5/2049',88,160,6465.8,6846.3,4104,1220.3,6,16),
 (54,'Rowney','Mee',753605.91,11,'9/28/2049',82,305,6081.4,5462.7,1898.3,850.8,18,12),
 (55,'Caril','Tick',868549.48,0,'11/24/2051',85,229,892.1,9605.9,8073.7,2195.1,37,22),
 (56,'Gerri','Chugg',937110.39,2,'11/15/2035',97,382,11521.7,8678.3,2850.2,2524.5,18,7),
 (57,'Mella','Prinnett',389891.84,0,'6/23/2084',91,247,29839.4,5962.9,5357.8,1213.8,8,31),
 (58,'Paule','Springham',569050.71,10,'8/24/2016',77,282,16634.9,8016.1,16597.3,3267,34,51),
 (59,'Dudley','Collcutt',529834.57,13,'4/13/2049',73,167,10026.6,2205.4,9904.3,809,14,31),
 (60,'Maressa','Threadgold',424661.57,5,'2/19/2045',99,287,25035.2,9374.8,21628.9,1574,6,25),
 (61,'Rex','Aspden',686671.55,11,'8/26/2076',77,288,944,7180.6,15689.5,3512.7,54,53),
 (62,'Timofei','Marciskewski',860010.19,10,'1/26/2062',77,294,15084.5,6006.8,16458.7,2409.1,28,50),
 (63,'Jarid','Ludl',835321.16,8,'1/7/2057',90,383,9516,4385.5,707.5,2045,17,43),
 (64,'Selestina','Wilse',957053.91,1,'8/26/2015',88,362,13812.4,10294.4,12741.7,1878.2,55,50),
 (65,'Frederick','Stefi',684766.85,8,'10/21/2064',97,320,4027.8,11822.4,15212.9,236.7,8,42),
 (66,'Hamnet','McGinney',373164.56,8,'5/14/2057',88,169,20481.4,9039.4,9878.7,474.8,31,59),
 (67,'Suzette','Otto',364186.94,9,'1/1/2084',97,283,9385.2,8123,7838.8,3108.1,10,39),
 (68,'Batsheva','Iacomo',981523.69,1,'7/4/2054',100,209,11044,5868.7,18896.4,683,4,15),
 (69,'Glenna','Mennell',698138.54,15,'8/30/2081',77,398,7341.6,11752.9,9250.7,2259.3,54,58),
 (70,'Janith','Gurnay',957570.04,8,'11/29/2067',85,219,21527,9692.5,2732.8,2906.7,36,60),
 (71,'Katrina','Merlin',641583.29,4,'8/27/2044',90,164,8208,5350.6,20048.2,2045,20,15),
 (72,'Hyacinthie','Skillington',629401.55,5,'4/15/2074',82,234,26979.5,5011.4,3169.3,3487.1,53,46),
 (73,'Waverly','Haggar',801114.26,7,'3/24/2036',88,257,24844.1,8244.3,16292,2781.5,28,56),
 (74,'Birk','Hiskey',470978.78,7,'6/12/2028',80,311,1944.8,6197.7,16288.5,1115.5,7,10),
 (75,'Rosita','Venable',472714.27,1,'2/17/2055',79,232,12079.4,6653.6,17901.7,3399.6,25,48),
 (76,'Nobe','Covey',582938.01,16,'11/11/2069',97,180,27225,5742.2,19566.7,2383.5,4,27),
 (77,'Dave','Gillaspy',554463.28,12,'10/2/2015',87,170,4709.5,10524.2,16246,2422.7,45,49),
 (78,'Kai','Andriuzzi',861212.42,9,'11/11/2059',94,238,5520.2,4666.5,3578.2,266.2,20,26),
 (79,'Haley','Eddy',909735.76,11,'10/24/2002',77,264,8121.5,6536.7,15179.2,523.5,1,28),
 (80,'Malchy','Freeth',961075.3,2,'11/4/2050',85,298,22390,10132.4,17722.6,942.8,17,35),
 (81,'Liza','Bisson',561032.07,5,'12/16/2076',74,185,14032,4484,12948.1,1404.1,10,5),
 (82,'Doralyn','Kolyagin',879309.45,8,'12/31/2008',92,193,14951.9,7223.6,1043.5,672.6,44,59),
 (83,'Ryann','Arthurs',851497.02,2,'3/12/2002',80,283,14823.3,2273.2,5535.1,3268.2,21,19),
 (84,'Rafi','Gayler',943766.62,8,'4/27/2034',78,314,24409.4,9221.4,12576.2,3281.8,34,10),
 (85,'Kellie','Blackie',376301.41,8,'1/29/2041',99,320,26977.6,11662.9,3909.3,2522,51,32),
 (86,'Travis','Yeates',538022.59,3,'5/31/2072',74,166,15708.1,10839.9,2.8,2654.2,23,9),
 (87,'Clarine','Baron',902484.37,1,'8/30/2060',77,211,14083.8,9007.9,15063.6,179.2,51,43),
 (88,'Seana','Luc',644633.23,11,'1/6/2007',97,377,20093.1,9565.7,18763.3,1316.7,25,6),
 (89,'Cindie','Bagg',721500.21,8,'12/14/2058',96,279,4949.3,8720.3,14.2,3181.2,47,44),
 (90,'Marylou','Tott',480347.82,5,'1/2/2022',81,210,6388.1,8507.2,1922.1,103.1,26,8),
 (91,'Darya','Hamsley',755348.2,11,'10/9/2081',79,209,15789.5,6239.5,3175.4,2873.9,26,55),
 (92,'Gerri','Bower',708876.67,0,'2/5/2075',96,377,24368.9,2245.5,10271.4,2802.6,39,39),
 (93,'Natale','Freeborn',825670,5,'7/22/2010',92,182,15738.4,3369.5,8464.9,2021.1,11,51),
 (94,'Phelia','Treece',547503.83,8,'9/22/2069',84,216,30176.4,9017,10800.2,2817.7,23,11),
 (95,'Ingaborg','Gaynesford',797336.6,14,'1/20/2036',90,291,27738.3,2552.9,21108,933.1,50,44),
 (96,'Bill','Borrie',692783.3,11,'2/12/2031',83,186,31451.5,11848.7,18118.3,26.5,3,10),
 (97,'Jeffy','Jaques',561400.23,10,'8/6/2048',72,300,30388.6,6152.3,7764.3,2843.2,24,33),
 (98,'Shir','Whenham',397895.05,11,'6/14/2080',78,235,10004.6,567.3,21568.2,1219.9,47,34),
 (99,'Danyette','Howels',398659.92,6,'5/24/2080',84,165,2247.7,1977.3,16374.4,2012.9,1,4),
 (100,'Marigold','Leggott',650461.4,1,'7/6/2069',92,324,17161.5,9735.7,13299.8,89.2,36,26);
INSERT INTO "GameStats" ("MatchID","PlayerID","PointsG","AssistsG","ReboundsG","StealsG") VALUES (1,1,45,16,8,7),
 (1,2,39,13,7,5),
 (2,3,6,6,9,7),
 (2,4,3,12,11,7),
 (3,5,25,8,2,6),
 (3,6,26,17,14,7),
 (4,7,20,2,2,4),
 (4,8,26,18,4,1),
 (5,9,37,3,16,3),
 (5,10,31,3,2,3),
 (1,11,37,19,10,0),
 (1,12,27,7,6,7),
 (2,13,41,10,6,1),
 (2,14,16,5,12,9),
 (3,15,33,16,4,0),
 (3,16,39,2,16,7),
 (4,17,11,6,3,0),
 (4,18,34,15,11,0),
 (5,19,9,16,6,9),
 (5,20,18,16,9,10),
 (1,21,14,2,17,0),
 (1,22,6,2,9,2),
 (2,23,38,4,3,6),
 (2,24,9,20,13,9),
 (3,25,2,9,3,1),
 (3,26,36,16,5,2),
 (4,27,40,8,10,5),
 (4,28,0,5,4,2),
 (5,29,33,8,3,2),
 (5,30,3,6,4,7),
 (1,31,37,20,1,4),
 (1,32,4,7,13,5),
 (2,33,9,2,2,5),
 (2,34,0,4,11,6),
 (3,35,40,0,4,4),
 (3,36,11,14,1,4),
 (4,37,44,18,10,8),
 (4,38,20,10,11,6),
 (5,39,40,6,10,5),
 (1,41,3,8,9,10),
 (1,42,0,6,17,6),
 (2,43,24,14,2,5),
 (2,44,6,8,5,3),
 (3,45,1,8,5,8),
 (3,46,2,14,17,4),
 (4,47,42,5,17,1),
 (4,48,30,8,12,8),
 (5,40,19,19,4,4),
 (5,49,8,8,1,4),
 (1,50,27,1,15,7),
 (1,51,14,5,15,1),
 (2,53,7,17,12,3),
 (2,54,12,14,16,0),
 (3,55,22,5,7,7),
 (3,56,31,10,3,1),
 (4,57,38,16,17,2),
 (4,58,23,19,3,2),
 (5,50,36,12,17,0),
 (5,59,6,18,2,7),
 (1,60,31,18,10,7),
 (1,61,22,14,2,7),
 (2,63,4,10,4,6),
 (2,64,2,16,2,4),
 (3,65,28,4,13,4),
 (3,66,10,1,8,9),
 (4,67,10,16,11,3),
 (4,68,20,10,5,7),
 (5,60,12,5,11,3),
 (5,69,33,18,14,1),
 (5,70,21,2,10,10),
 (1,70,8,12,6,6),
 (1,71,10,19,2,6),
 (2,73,37,13,6,4),
 (2,74,6,2,5,2),
 (3,75,1,5,14,8),
 (3,76,13,10,10,6),
 (4,77,12,7,14,2),
 (4,78,29,3,17,2),
 (5,79,29,7,12,7),
 (5,80,27,8,11,7),
 (1,80,42,8,2,9),
 (1,81,36,6,0,7),
 (2,83,14,2,3,9),
 (2,84,12,16,15,9),
 (3,85,25,6,14,2),
 (3,86,41,1,4,5),
 (4,87,9,12,0,9),
 (4,88,21,18,0,10),
 (5,89,43,16,1,2),
 (5,90,35,9,16,2),
 (1,90,37,8,11,6),
 (1,91,9,14,2,8),
 (2,93,33,5,0,3),
 (2,94,34,3,1,2),
 (3,95,24,17,2,3),
 (3,96,9,7,13,7),
 (4,97,36,0,7,5),
 (4,98,20,6,13,0),
 (5,99,4,14,0,1),
 (5,100,12,3,4,5),
 (6,1,7,9,13,4),
 (6,2,2,15,17,9),
 (7,3,33,8,13,2),
 (7,4,16,20,5,4),
 (8,5,41,0,1,0),
 (8,6,2,2,8,10),
 (9,7,45,4,4,0),
 (9,8,6,19,10,6),
 (10,9,2,7,16,8),
 (10,10,10,16,2,5),
 (6,11,21,7,4,7),
 (6,12,14,15,6,6),
 (7,13,18,12,9,1),
 (7,14,15,11,10,10),
 (8,15,28,8,15,4),
 (8,16,0,1,10,8),
 (9,17,15,8,2,5),
 (9,18,13,3,15,4),
 (10,19,0,11,5,6),
 (10,20,35,20,15,7),
 (6,21,43,11,7,3),
 (6,22,13,18,14,10),
 (7,23,6,13,6,9),
 (7,24,15,4,17,3),
 (8,25,3,13,3,0),
 (8,26,18,17,7,0),
 (9,27,5,5,13,8),
 (9,28,23,12,3,4),
 (10,29,35,8,1,4),
 (10,30,5,15,1,3),
 (6,31,45,7,9,3),
 (6,32,14,0,3,4),
 (7,33,8,6,4,9),
 (7,34,21,12,5,8),
 (8,35,33,2,17,5),
 (8,36,10,14,7,2),
 (9,37,5,1,3,10),
 (9,38,18,13,13,2),
 (10,39,45,16,0,10),
 (10,40,12,10,1,9),
 (6,41,35,3,3,3),
 (6,42,39,18,6,5),
 (7,43,17,19,2,8),
 (7,44,34,19,14,10),
 (8,45,2,14,0,7),
 (8,46,41,2,5,7),
 (9,47,15,16,0,2),
 (9,48,37,7,16,2),
 (10,49,14,6,5,8),
 (10,50,45,10,9,9),
 (6,51,11,2,3,2),
 (6,52,30,0,17,2),
 (7,53,15,10,17,2),
 (7,54,3,7,17,2),
 (8,55,11,17,0,1),
 (8,56,13,15,5,6),
 (9,57,23,7,6,3),
 (9,58,32,15,1,2),
 (10,59,32,18,3,9),
 (10,60,0,15,16,4),
 (6,61,7,19,13,9),
 (6,62,7,14,10,6),
 (7,63,17,17,0,10),
 (7,64,10,9,16,10),
 (8,65,19,4,8,8),
 (8,66,10,15,2,2),
 (9,67,33,17,0,2),
 (9,68,4,9,17,9),
 (10,69,7,3,2,10),
 (10,70,0,14,11,5),
 (6,71,29,8,15,2),
 (6,72,17,12,0,10),
 (7,73,29,5,9,2),
 (7,74,35,15,12,9),
 (8,75,12,11,8,0),
 (8,76,20,12,16,2),
 (9,77,0,4,8,5),
 (9,78,5,0,4,8),
 (10,79,12,11,16,7),
 (10,80,21,5,2,7),
 (6,81,5,4,0,2),
 (6,82,30,13,0,4),
 (7,83,43,12,10,8),
 (7,84,32,18,16,1),
 (8,85,1,2,13,6),
 (8,86,24,13,14,0),
 (9,87,38,19,3,2),
 (9,88,41,12,1,9),
 (10,89,42,14,15,6),
 (10,90,37,14,3,7),
 (6,91,17,5,0,2),
 (6,92,7,14,8,9),
 (7,93,24,6,2,7),
 (7,94,0,16,8,9),
 (8,95,28,19,2,2),
 (8,96,14,16,2,1),
 (9,97,5,19,0,5),
 (9,98,14,9,11,1),
 (10,99,28,2,16,5),
 (10,100,42,11,5,9);
INSERT INTO "LeagueData" ("LeagueName","Ratings","Commisioner ") VALUES ('WNBA',2,'Cathy Engelbert'),
 ('SPL',3,'Rick Rubio'),
 ('NBA',1,'Adam Silver');
INSERT INTO "Matches" ("MatchID","TeamID") VALUES (1,1),
 (1,2),
 (2,3),
 (2,4),
 (3,5),
 (3,6),
 (4,7),
 (4,8),
 (5,9),
 (5,10),
 (6,1),
 (6,2),
 (7,3),
 (7,4),
 (8,5),
 (8,6),
 (9,7),
 (9,8),
 (10,9),
 (10,10);
INSERT INTO "Team" ("TeamID","Team_Name","Home_Wins","Home_Losses","Away_Wins","Away_Losses","Fans","League","Mascot","Founded_Year") VALUES (1,'stars',24,7,1,32,44,'WNBA','COW',1996),
 (2,'clippers',34,18,19,9,26,'WNBA','SHOE',1984),
 (3,'bulls',36,19,1,18,12,'NBA','BULL',1966),
 (4,'blazers',19,27,9,2,41,'NBA','GOAT',1970),
 (5,'76ers',23,38,24,10,41,'NBA','PATRIOT ',1963),
 (6,'bucks',4,14,34,16,18,'NBA','DEER',1968),
 (7,'sonics',27,15,36,13,22,'NBA','SQUATCH
',1967),
 (8,'pacers',34,5,19,11,22,'NBA','BOOMER',1976),
 (9,'mavericks',21,0,23,2,9,'NBA','COWBOY',1980),
 (10,'heat',26,5,4,1,24,'NBA','BURNIE',1988);
INSERT INTO "TeamMembers" ("PlayerID","TeamID") VALUES (1,1),
 (2,2),
 (3,3),
 (4,4),
 (5,5),
 (6,6),
 (7,7),
 (8,8),
 (9,9),
 (10,10),
 (11,1),
 (12,2),
 (13,3),
 (14,4),
 (15,5),
 (16,6),
 (17,7),
 (18,8),
 (19,9),
 (20,10),
 (21,1),
 (22,2),
 (23,3),
 (24,4),
 (25,5),
 (26,6),
 (27,7),
 (28,8),
 (29,9),
 (30,10),
 (31,1),
 (32,2),
 (33,3),
 (34,4),
 (35,5),
 (36,6),
 (37,7),
 (38,8),
 (39,9),
 (40,10),
 (41,1),
 (42,2),
 (43,3),
 (44,4),
 (45,5),
 (46,6),
 (47,7),
 (48,8),
 (49,9),
 (50,10),
 (51,1),
 (52,2),
 (53,3),
 (54,4),
 (55,5),
 (56,6),
 (57,7),
 (58,8),
 (59,9),
 (60,10),
 (61,1),
 (62,2),
 (63,3),
 (64,4),
 (65,5),
 (66,6),
 (67,7),
 (68,8),
 (69,9),
 (70,10),
 (71,1),
 (72,2),
 (73,3),
 (74,4),
 (75,5),
 (76,6),
 (77,7),
 (78,8),
 (79,9),
 (80,10),
 (81,1),
 (82,2),
 (83,3),
 (84,4),
 (85,5),
 (86,6),
 (87,7),
 (88,8),
 (89,9),
 (90,10),
 (91,1),
 (92,2),
 (93,3),
 (94,4),
 (95,5),
 (96,6),
 (97,7),
 (98,8),
 (99,9),
 (100,10);
COMMIT;
